Name,Cannes 2026,Checked,Director,Link,Place,Year
Dwelling in the Fuchun Mountains,No,Yes,Gu Xiaogang,https://en.wikipedia.org/wiki/Dwelling_in_the_Fuchun_Mountains_(film),"Hangzhou, China",2019
Only Lovers Left Alive,No,Yes,Jim Jarmusch,https://en.wikipedia.org/wiki/Only_Lovers_Left_Alive,Tangier,2013
Afternoons of Solitude,No,Yes,Albert Serra,https://en.wikipedia.org/wiki/Afternoons_of_Solitude,Madrid,2024
Yes!,No,Yes,Nadav Lapid,https://en.wikipedia.org/wiki/Yes!_(film),Tel Aviv,2025
One Battle After Another,No,Yes,Paul Thomas Anderson,https://en.wikipedia.org/wiki/One_Battle_After_Another,Sacramento,2025
The Secret Agent,No,Yes,Kleber Mendonça Filho,https://en.wikipedia.org/wiki/The_Secret_Agent_(2025_film),Recife,2025
L'aventura,No,Yes,Sophie Letourneur,https://www.imdb.com/title/tt36594601/,"Carloforte, Sardinia",2025
7 Walks with Mark Brown,No,Yes,"Pierre Creton, Vincent Barré",https://en.wikipedia.org/wiki/7_Walks_with_Mark_Brown,"Le Havre, Normandy, France",2024
Nouvelle Vague,No,Yes,Richard Linklater,https://en.wikipedia.org/wiki/Nouvelle_Vague_(2025_film),Paris,2025
Miroirs No. 3,No,Yes,Christian Petzold,https://en.wikipedia.org/wiki/Miroirs_No._3,Berlin,2025
Misericordia,No,Yes,Alain Guiraudie,https://www.imdb.com/title/tt32085997/,"Sauclières, Aveyron",2023
The Other Way Around,No,No,Jonás Trueba,https://www.imdb.com/title/tt32128317/,Madrid,2023
The Zone of Interest,No,Yes,Jonathan Glazer,https://www.imdb.com/title/tt7160372/,"Auschwitz, Oświęcim",2023
In Water,No,No,Hong Sang-soo,https://www.imdb.com/title/tt26448971/,Jeju Island,2023
May December,No,Yes,Todd Haynes,https://www.imdb.com/title/tt13651794/,"Savannah, Georgia",2023
Evil Does Not Exist,No,Yes,Ryusuke Hamaguchi,https://www.imdb.com/title/tt28490044/,"Yamanashi-Nagano, Japan",2023
This Life of Mine,No,No,Sophie Fillières,https://www.imdb.com/title/tt30797042/,Paris,2023
The Delinquents,No,No,Rodrigo Moreno,https://www.imdb.com/title/tt18558306/,Buenos Aires,2023
All We Imagine as Light,No,Yes,Payal Kapadia,https://www.imdb.com/title/tt32086077/,Mumbai,2024
Trap,No,No,M. Night Shyamalan,https://www.imdb.com/title/tt26753003/,Philadelphia,2023
Pacifiction,No,Yes,Albert Serra,https://www.imdb.com/title/tt13702796/,Tahiti,2022
Licorice Pizza,No,Yes,Paul Thomas Anderson,https://www.imdb.com/title/tt11271038/,San Fernando Valley,2022
EO,No,No,Jerzy Skolimowski,https://www.imdb.com/title/tt19652910/,"Podkarpackie, Poland",2022
Introduction,No,No,Hong Sang-soo,https://www.imdb.com/title/tt13600988/,Seoul & Berlin,2022
Wheel of Fortune and Fantasy,No,Yes,Ryusuke Hamaguchi,https://www.imdb.com/title/tt13274016/,Tokyo,2022
Nobody's Hero,No,No,Alain Guiraudie,https://www.imdb.com/title/tt15370316/,Clermont-Ferrand,2022
Who's Stopping Us,No,No,Jonás Trueba,https://www.imdb.com/title/tt14888474/,Madrid,2022
Saturn Bowling,No,No,Patricia Mazuy,https://www.imdb.com/title/tt21938632/,Northern France,2022
Nope,No,No,Jordan Peele,https://www.imdb.com/title/tt10954984/,Santa Clarita Valley,2022
Apollo 10 1/2: A Space Age Childhood,No,No,Richard Linklater,https://www.imdb.com/title/tt7983894/,"Houston, Texas",2022
Fallen Leaves,No,Yes,Aki Kaurismäki,https://www.imdb.com/title/tt21027780/,Helsinki,2023
Showing Up,No,Yes,Kelly Reichardt,https://www.imdb.com/title/tt15444722/,"Portland, Oregon",2023
Do Not Expect Too Much from the End of the World,No,Yes,Radu Jude,https://www.imdb.com/title/tt21840746/,Bucharest,2023
Trenque Lauquen,No,No,Laura Citarella,https://www.imdb.com/title/tt14979122/,Trenque Lauquen,2023
Close Your Eyes,No,No,Víctor Erice,https://www.imdb.com/title/tt15433842/,Madrid,2023
Unrest,No,No,Cyril Schäublin,https://www.imdb.com/title/tt20243532/,"Saint-Imier, Switzerland",2023
A Prince,No,No,Pierre Creton,https://www.imdb.com/title/tt28073148/,Normandy,2023
The Fabelmans,No,No,Steven Spielberg,https://www.imdb.com/title/tt14208870/,Los Angeles,2023
Last Summer,No,Yes,Catherine Breillat,https://www.imdb.com/title/tt21316212/,Paris,2023
Anatomy of a Fall,No,Yes,Justine Triet,https://www.imdb.com/title/tt17009710/,French Alps,2023
The Temple Woods Gang,No,No,Rabah Ameur-Zaïmeche,https://www.imdb.com/title/tt28177268/,Seine-Saint-Denis,2023
Malmkrog,No,No,Cristi Puiu,https://www.imdb.com/title/tt8369690/,Transylvania,2020
Love Affair(s),No,No,Emmanuel Mouret,https://www.imdb.com/title/tt12241080/,Paris,2020
City Hall,No,No,Frederick Wiseman,https://www.imdb.com/title/tt13108082/,Boston,2020
Hotel by the River,No,No,Hong Sang-soo,https://www.imdb.com/title/tt8768578/,Seoul,2020
The August Virgin,No,No,Jonás Trueba,https://www.imdb.com/title/tt10484974/,Madrid,2020
Enormous,No,No,Sophie Letourneur,https://www.imdb.com/title/tt10282848/,Paris,2020
The Salt of Tears,No,No,Philippe Garrel,https://www.imdb.com/title/tt10525596/,Paris,2020
Uncut Gems,No,Yes,"Benny Safdie, Joshua Safdie",https://www.imdb.com/title/tt5727208/,New York City,2020
The Woman Who Ran,No,No,Hong Sang-soo,https://www.imdb.com/title/tt12498546/,Seoul,2020
Benedetta,No,Yes,Paul Verhoeven,https://www.imdb.com/title/tt6823368/,"Pescia, Tuscany",2021
France,No,Yes,Bruno Dumont,https://www.imdb.com/title/tt9714030/?ref_=fn_t_1,Palais de L'Élysée,2021
The Girl and the Spider,No,No,"Ramon Zürcher, Silvan Zürcher",https://www.imdb.com/title/tt13576038/,Bern,2021
Drive My Car,No,Yes,Ryusuke Hamaguchi,https://www.imdb.com/title/tt14039582/,Hiroshima,2021
The Card Counter,No,No,Paul Schrader,https://www.imdb.com/title/tt11196036/,Atlantic City,2021
The French Dispatch,No,Yes,Wes Anderson,https://www.imdb.com/title/tt8847712/,Angoulême,2021
Annette,No,Yes,Leos Carax,https://www.imdb.com/title/tt6217926/,Los Angeles,2021
Memoria,No,No,Apichatpong Weerasethakul,https://www.imdb.com/title/tt10313800/,Bogotá,2021
First Cow,No,Yes,Kelly Reichardt,https://www.imdb.com/title/tt11064510/,Oregon,2021
Fish Tank,No,Yes,Andrea Arnold,https://www.imdb.com/title/tt1232776/?ref_=fn_i_1,"Mardyke Close, Rainham, RM13 8, United Kingdom",2009
Saltburn,No,Yes,,,"Lowick, Kettering, England, United Kingdom",
My Oxford Years,No,Yes,,,"Oxford, England, United Kingdom",
The Banshees of Inisherin,No,Yes,,,Aran Islands,
Lawrence of Arabia,No,Yes,,,"Aqaba, Jordan",
It Was Just an Accident,No,Yes,,,Iran,
Empire of light,No,Yes,,,"Margate, England, United Kingdom",
L'ami de mon amie,No,Yes,Éric Rohmer,https://www.imdb.com/title/tt0092550/,Cergy-Pontoise,1987
Aftersun,No,Yes,Charlotte Wells,https://www.imdb.com/title/tt19770238/?ref_=ext_shr_lnk,"Ölüdeniz, 费特希耶/穆拉省, 土耳其",2022
La grande bellezza,No,Yes,https://www.imdb.com/name/nm0815204/?ref_=tt_ov_1_1,https://www.imdb.com/title/tt2358891/?ref_=ext_shr_lnk,"罗马, 拉齐奥, 意大利",2013
Ida,Yes,Yes,Paweł Pawlikowski,,"Lublin, Lublin Voivodeship, Poland",2013
The Double Life of Véronique,No,Yes,Krzysztof Kieślowski,,"Kraków, Poland",1991
Three Colours: Blue,No,Yes,Krzysztof Kieślowski,,"Paris, France",1993
Man of Iron,No,No,Andrzej Wajda,,"Gdańsk, Poland",1981
Cold War,Yes,No,Paweł Pawlikowski,,"Warsaw, Poland",2018
A Short Film About Killing,No,Yes,Krzysztof Kieślowski,,"Warsaw, Poland",1988
Three Colours: Red,No,Yes,Krzysztof Kieślowski,,"Geneva, Switzerland",1994
The Pianist,No,Yes,Roman Polański,,"Warsaw, Poland",2002
Three Colours: White,No,Yes,Krzysztof Kieślowski,,"Warsaw, Poland",1994
Dekalog,No,No,Krzysztof Kieślowski,,"Warsaw, Poland",1989
The Tin Drum,No,Yes,Volker Schlöndorff,,"Gdańsk, Poland",1979
Notre salut,Yes,No,Emmanuel Marre,,"Paris, France",2026
Moulin,Yes,No,László Nemes,,"Budapest, Hungary",2026
Gentle Monster,Yes,No,Marie Kreutzer,,"Vienna, Austria",2026
Nagi Notes,Yes,No,Koji Fukada,,"Tokyo, Japan",2026
Histoire de la nuit,Yes,No,Léa Mysius,,France,2026
The Man I Love,Yes,No,Ira Sachs,,"New York, USA",2026
Minotaur,Yes,No,Andrey Zvyagintsev,,"Paris, France",2026
The Beloved,Yes,No,Rodrigo Sorogoyen,,"Fuerteventura, Spain",2026
Fjord,Yes,No,Cristian Mungiu,,"Ålesund, Norway",2026
Sheep in the Box,Yes,No,Hirokazu Kore-eda,,"Tokyo, Japan",2026
Fatherland,Yes,No,Paweł Pawlikowski,,"Legnica, Poland",2026
Hope,Yes,No,Na Hong-Jin,,South Korea,2026
Coward,Yes,No,Lukas Dhont,,"Flanders, Belgium",2026
A Woman’s Life,Yes,No,Charline Bourgeois-Tacquet,,"Paris, France",2026
Bitter Christmas,Yes,No,Pedro Almodóvar,,"Madrid, Spain",2026
The Unknown,Yes,No,Arthur Harari,,"Paris, France",2026
La Bola Negra,Yes,No,Javier Ambrossi & Javier Calvo,,"Madrid, Spain",2026
Garance,Yes,No,Jeanne Herry,,"Paris, France",2026
All of a Sudden,Yes,No,Ryusuke Hamaguchi,,"Paris, France",2026
The Dreamed Adventure,Yes,No,Valeska Grisebach,,"Berlin, Germany",2026
Parallel Tales,Yes,No,Asghar Farhadi,,"Paris, France",2026
Son of Saul,Yes,Yes,László Nemes,,"Budapest, Hungary",2015
"4 Months, 3 Weeks and 2 Days",Yes,Yes,Cristian Mungiu,,"Bucharest, Romania",2007
Leviathan,Yes,No,Andrey Zvyagintsev,,"Teriberka, Russia",2014
Shoplifters,Yes,No,Hirokazu Kore-eda,,"Tokyo, Japan",2018
Her Private Hell,Yes,No,Nicolas Winding Refn,,"Tokyo, Japan",2026
Full Phil,Yes,No,Quentin Dupieux,,"Paris, Ile-de-France, France",2026
Roma Elastica,Yes,No,Bertrand Mandico,,"Rome, Italy",2026
John Lennon: The Last Interview,Yes,No,Steven Soderbergh,,"New York, USA",2026
Jim Queen,Yes,No,Nicolas Athane & Marco Nguyen,,"Paris, France",2026
The Neon Demon,Yes,Yes,Nicolas Winding Refn,,"Los Angeles, USA",2016
Trainspotting,No,Yes,Danny Boyle,,"Princes Street, Edinburgh, United Kingdom",1996
A Clockwork Orange,No,Yes,Stanley Kubrick,,"Southmere Lake, Thamesmead, London",1971
Blow-Up,No,Yes,Michelangelo Antonioni,,"Maryon Park, Charlton, London",1966
Control,No,Yes,Anton Corbijn,,"Macclesfield, Cheshire",2007
"Lock, Stock and Two Smoking Barrels",No,Yes,Guy Ritchie,,"Park Street, Borough, London",1998
The Wailing,Yes,Yes,Na Hong-Jin,,"Gokseong, South Korea",2016
"Sex, Lies, and Videotape",No,Yes,Steven Soderbergh,https://movie.douban.com/subject/1292341/,"Baton Rouge, Louisiana, USA",1989
Se7en,No,Yes,David Fincher,https://movie.douban.com/subject/1292223/,"New York City, USA",1995
The Lives of Others,No,Yes,Florian Henckel von Donnersmarck,https://movie.douban.com/subject/1900841/,"East Berlin, Germany",2006
Once Upon a Time in Hollywood,No,Yes,Quentin Tarantino,https://movie.douban.com/subject/27087724/,"Los Angeles, USA",2019
Death Proof,No,Yes,Quentin Tarantino,https://movie.douban.com/subject/2080007/,"Austin, Texas, USA",2007
Inglourious Basterds,No,Yes,Quentin Tarantino,https://movie.douban.com/subject/1438652/,"Paris, France",2009
Fargo,No,Yes,Joel & Ethan Coen,https://movie.douban.com/subject/1292067/,"Brainerd, Minnesota, USA",1996
Reservoir Dogs,No,Yes,Quentin Tarantino,https://movie.douban.com/subject/1299603/,"Los Angeles, USA",1992
Paprika,No,Yes,Satoshi Kon,https://movie.douban.com/subject/1865703/,"Tokyo, Japan",2006
Infernal Affairs,No,Yes,Andrew Lau & Alan Mak,https://movie.douban.com/subject/1307914/,Hong Kong,2002
Léon: The Professional,No,Yes,Luc Besson,https://movie.douban.com/subject/1295644/,"New York City, USA",1994
Dunkirk,No,Yes,Christopher Nolan,https://movie.douban.com/subject/26607693/,"Dunkirk, France",2017
Mulholland Drive,No,Yes,David Lynch,https://movie.douban.com/subject/1292217/,"Los Angeles, USA",2001
Anna,No,Yes,Luc Besson,https://movie.douban.com/subject/27166976/,"Moscow, Russia",2019
Let the Bullets Fly,No,Yes,Jiang Wen,https://movie.douban.com/subject/3742360/,"Sichuan, China",2010
The Dark Knight,No,Yes,Christopher Nolan,https://movie.douban.com/subject/1851857/,"Chicago, USA",2008
A Chinese Odyssey Part Two: Cinderella,No,Yes,Jeffrey Lau,https://movie.douban.com/subject/1292213/,"Ningxia, China",1995
Kung Fu Hustle,No,Yes,Stephen Chow,https://movie.douban.com/subject/1291543/,"Shanghai, China",2004
Django Unchained,No,Yes,Quentin Tarantino,https://movie.douban.com/subject/6307447/,"Mississippi, USA",2012
Ashes of Time Redux,No,Yes,Wong Kar-wai,https://movie.douban.com/subject/3726072/,"Dunhuang, Gansu, China",2008
Pulp Fiction,No,Yes,Quentin Tarantino,https://movie.douban.com/subject/1291832/,"Los Angeles, USA",1994
The Master,No,Yes,Paul Thomas Anderson,https://movie.douban.com/subject/6433905/,"San Francisco, USA",2012
Zodiac,No,Yes,David Fincher,https://movie.douban.com/subject/1781126/,"San Francisco, USA",2007
The Godfather,No,Yes,Francis Ford Coppola,https://movie.douban.com/subject/1291841/,"New York City, USA",1972
Malèna,No,Yes,Giuseppe Tornatore,https://movie.douban.com/subject/1292402/,"Sicily, Italy",2000
Seven Samurai,No,Yes,Akira Kurosawa,https://movie.douban.com/subject/1295399/,Japan,1954
Jojo Rabbit,No,Yes,Taika Waititi,https://movie.douban.com/subject/30170546/,Germany,2019
No Country for Old Men,No,Yes,Joel & Ethan Coen,https://movie.douban.com/subject/1857099/,"West Texas, USA",2007
2001: A Space Odyssey,No,Yes,Stanley Kubrick,https://movie.douban.com/subject/1292226/,"Twyfelfontein, Namibia",1968
Memories of Matsuko,No,Yes,Tetsuya Nakashima,https://movie.douban.com/subject/1787291/,"Tokyo, Japan",2006
Pan's Labyrinth,No,Yes,Guillermo del Toro,https://movie.douban.com/subject/1767042/,Spain,2006
Love Letter,No,Yes,Shunji Iwai,https://movie.douban.com/subject/1292220/,"Otaru, Hokkaido, Japan",1995
"Crouching Tiger, Hidden Dragon",No,Yes,Ang Lee,https://movie.douban.com/subject/1301168/,"Beijing, China",2000
Mad Max: Fury Road,No,Yes,George Miller,https://movie.douban.com/subject/3592854/,"Namib Desert, Namibia",2015
Parasite,No,Yes,Bong Joon-ho,https://movie.douban.com/subject/27010768/,"Seoul, South Korea",2019
Interstellar,No,Yes,Christopher Nolan,https://movie.douban.com/subject/1889243/,"Colorado, USA",2014
"Lust, Caution",No,Yes,Ang Lee,https://movie.douban.com/subject/1828115/,"Shanghai, China",2007
The Grandmaster,No,Yes,Wong Kar-wai,https://movie.douban.com/subject/3821067/,"Foshan, Guangdong, China",2013
Lost in Translation,No,Yes,Sofia Coppola,https://movie.douban.com/subject/1291835/,"Tokyo, Japan",2003
The Shining,No,Yes,Stanley Kubrick,https://movie.douban.com/subject/1292225/,"Estes Park, Colorado, USA",1980
A Separation,No,Yes,Asghar Farhadi,https://movie.douban.com/subject/5964718/,"Tehran, Iran",2011
Eternal Sunshine of the Spotless Mind,No,Yes,Michel Gondry,https://movie.douban.com/subject/1308777/,"Montauk, New York, USA",2004
Cloud Atlas,No,Yes,Tom Tykwer & The Wachowskis,https://movie.douban.com/subject/3530403/,"Neo-Seoul (Seoul, South Korea)",2012
In the Mood for Love,No,Yes,Wong Kar-wai,https://movie.douban.com/subject/1291557/,Hong Kong,2000
Kill Bill: Vol. 1,No,Yes,Quentin Tarantino,https://movie.douban.com/subject/1291580/,"Tokyo, Japan",2003
The Grand Budapest Hotel,No,Yes,Wes Anderson,https://movie.douban.com/subject/11525673/,"Görlitz, Germany",2014
Chungking Express,No,Yes,Wong Kar-wai,https://movie.douban.com/subject/1291999/,"Chungking Mansions, Hong Kong",1994
Memento,No,Yes,Christopher Nolan,https://movie.douban.com/subject/1304447/,"Los Angeles, USA",2000
Millennium Actress,No,Yes,Satoshi Kon,https://movie.douban.com/subject/1307394/,"Tokyo, Japan",2001
There Will Be Blood,No,Yes,Paul Thomas Anderson,https://movie.douban.com/subject/1945780/,"Bakersfield, California, USA",2007
The Social Network,No,Yes,David Fincher,https://movie.douban.com/subject/3205624/,"Cambridge, Massachusetts, USA",2010
Fight Club,No,Yes,David Fincher,https://movie.douban.com/subject/1292000/,"Los Angeles, USA",1999
Kill Bill: Vol. 2,No,Yes,Quentin Tarantino,https://movie.douban.com/subject/1291584/,Mexico,2004
Amélie,No,Yes,Jean-Pierre Jeunet,https://movie.douban.com/subject/1292215/,"Montmartre, Paris, France",2001
Tokyo Godfathers,No,Yes,Satoshi Kon,https://movie.douban.com/subject/1310177/,"Tokyo, Japan",2003
One Fine Morning,No,Yes,Mia Hansen-Løve,https://movie.douban.com/subject/35211730/,"Paris, France",2022
The Man Without a Past (Mies vailla menneisyyttä),No,Yes,Aki Kaurismäki,https://movie.douban.com/subject/1307790/,"Helsinki, Finland",2002
John Wick: Chapter 4,No,Yes,Chad Stahelski,https://movie.douban.com/subject/33455421/,"Paris, France",2023
Under the Skin,No,Yes,Jonathan Glazer,https://movie.douban.com/subject/3749974/,"Glasgow, Scotland, UK",2013
Smoking Causes Coughing,No,Yes,Quentin Dupieux,https://movie.douban.com/subject/35684175/,France,2022
"About Dry Grasses ",No,Yes,Nuri Bilge Ceylan,https://movie.douban.com/subject/35211729/,"Eastern Anatolia, Turkey",2023
"A Brighter Tomorrow ",No,Yes,Nanni Moretti,https://movie.douban.com/subject/35752528/,"Rome, Italy",2023
Beyond Noh,No,Yes,Patrick Smith,https://movie.douban.com/subject/35358849/,Japan (thematic),2020
Uncut Gems,No,Yes,Josh & Benny Safdie,https://movie.douban.com/subject/27045860/,"New York City, USA",2019
"The Taste of Things ",No,Yes,Tran Anh Hung,https://movie.douban.com/subject/35875476/,France,2023
Pain and Glory,No,Yes,Pedro Almodóvar,https://movie.douban.com/subject/30198539/,"Madrid, Spain",2019
Pola X,No,Yes,Leos Carax,https://movie.douban.com/subject/1302907/,"Normandy, France",1999
"Kidnapped ",No,Yes,Marco Bellocchio,https://movie.douban.com/subject/35397882/,"Bologna, Italy",2023
Tár,No,Yes,Todd Field,https://movie.douban.com/subject/35430833/,"Berlin, Germany",2022
Showing Up,No,Yes,Kelly Reichardt,https://movie.douban.com/subject/35342071/,"Portland, Oregon, USA",2022
Leningrad Cowboys Go America,No,Yes,Aki Kaurismäki,https://movie.douban.com/subject/1316560/,USA (road trip),1989
The Elephant Whisperers,No,Yes,Kartiki Gonsalves,https://movie.douban.com/subject/36182351/,"Mudumalai, Tamil Nadu, India",2022
Inside,No,Yes,Vasilis Katsoupis,https://movie.douban.com/subject/35322671/,"New York City, USA",2023
"Fallen Leaves ",No,Yes,Aki Kaurismäki,https://movie.douban.com/subject/35928797/,"Helsinki, Finland",2023
Happy as Lazzaro,No,Yes,Alice Rohrwacher,https://movie.douban.com/subject/27072795/,Italian countryside,2018
Ittefaq,No,Yes,Abhay Chopra,https://movie.douban.com/subject/27133050/,"Mumbai, India",2017
Asteroid City,No,Yes,Wes Anderson,https://movie.douban.com/subject/35209746/,American Southwest (fictional),2023
Last Summer,No,Yes,Catherine Breillat,https://movie.douban.com/subject/35418779/,"Paris, France",2023
Brian and Charles,No,Yes,Jim Archer,https://movie.douban.com/subject/35694760/,"Welsh countryside, UK",2022
"Merry Christmas, Yiwu",No,Yes,Mladen Kovačević,https://movie.douban.com/subject/34931770/,"Yiwu, Zhejiang, China",2020
May December,No,Yes,Todd Haynes,https://movie.douban.com/subject/35295277/,"Savannah, Georgia, USA",2023
How Do You Measure a Year?,No,Yes,Jay Rosenblatt,https://movie.douban.com/subject/35539336/,"San Francisco, California, USA",2021
Once Upon a Time in Anatolia (Bir Zamanlar Anadolu'da),No,Yes,Nuri Bilge Ceylan,https://movie.douban.com/subject/5959260/,"Anatolia, Turkey",2011
Get Out,No,Yes,Jordan Peele,https://movie.douban.com/subject/26688480/,"Upstate New York, USA",2017
Perfect Days,No,Yes,Wim Wenders,https://movie.douban.com/subject/35902857/,"Tokyo, Japan",2023
Youth: Spring,No,Yes,Wang Bing,https://movie.douban.com/subject/27042464/,"Zhili, Huzhou, Zhejiang, China",2023
My Mother,No,Yes,Nanni Moretti,https://movie.douban.com/subject/24868251/,"Rome, Italy",2015
Borat: Cultural Learnings of America for Make Benefit Glorious Nation of Kazakhstan,No,Yes,Larry Charles,https://movie.douban.com/subject/1870044/,Kazakhstan,2006
The Wedding Banquet,No,Yes,Ang Lee,https://movie.douban.com/subject/1303037/,"Manhattan, New York County, New York, United States",1993
Bitter Sweet Ballad,No,Yes,Liang Junjian,https://movie.douban.com/subject/36468120/,"Shanxi, China",2023
"The Bold, the Corrupt, and the Beautiful",No,Yes,Yang Ya-che,https://movie.douban.com/subject/27113517/,"Taipei, Taiwan",2017
Bacurau,No,Yes,"Kleber Mendonça Filho, Juliano Dornelles",https://movie.douban.com/subject/24389792/,"Pernambuco, Northeast Region, Brazil",2019
Futuro Beach (Praia do Futuro),No,Yes,Karim Aïnouz,https://movie.douban.com/subject/10521477/,"Fortaleza, Região Geográfica Imediata de Fortaleza, Ceará, Northeast Region, Brazil, Região Geográfica Intermediária de Fortaleza",2014
Harakiri (切腹),No,Yes,Masaki Kobayashi,https://movie.douban.com/subject/1304920/,"東京湾, Kawasaki Ward, Kawasaki, Kanagawa Prefecture, Japan",1962
I Only Rest in the Storm (O Riso e a Faca),No,Yes,Pedro Pinho,https://movie.douban.com/subject/37331289/,Guinea-Bissau,2025
Sirât,No,Yes,Oliver Laxe,https://movie.douban.com/subject/35409362/,"Merzouga, Et-taous ⵟⴰⵡⵙ الطاوس, Caïdat de Taouz, Drâa-Tafilalet, 52202, Morocco",2025
One for the Road,No,Yes,Nattawut Poonpiriya,https://movie.douban.com/subject/34913315/,"Bangkok, Thailand",2021
The Hunt (Jagten),No,Yes,Thomas Vinterberg,https://movie.douban.com/subject/6985810/,Denmark,2012
The Phoenician Scheme,No,Yes,Wes Anderson,https://movie.douban.com/subject/36465394/,Europe,2025
Marty Supreme,No,Yes,Josh Safdie,https://movie.douban.com/subject/36691620/,"New York, United States",2025
Motel Destino,No,Yes,Karim Aïnouz,https://movie.douban.com/subject/35332761/,"Ceará, Northeast Region, Brazil",2024
A New Old Play,No,Yes,Qiu Jiongjiong,https://movie.douban.com/subject/27305997/,"Sichuan, China",2021
Reprise,No,Yes,Joachim Trier,https://movie.douban.com/subject/2003397/,"Oslo, Norway",2006
Chainsaw Man: The Movie – Reze Arc,No,Yes,Tatsuya Yoshihara,https://movie.douban.com/subject/37291780/,"Tokyo, Japan",2025
Afire (Roter Himmel),No,Yes,Christian Petzold,https://movie.douban.com/subject/35221425/,Germany,2023
Coincoin and the Extra-Humans (Coincoin et les z'inhumains),No,Yes,Bruno Dumont,https://movie.douban.com/subject/26969727/,"Nord-Pas-de-Calais, Metropolitan France, France",2018
The Ballad of Narayama (楢山節考),No,Yes,Keisuke Kinoshita,https://movie.douban.com/subject/1294737/,"Nagano Prefecture, Japan",1958
Underground (Podzemlje),No,Yes,Emir Kusturica,https://movie.douban.com/subject/1292206/,"Museum of Yugoslavia, 6, Михаила Мике Јанковића, Topčidersko brdo, МЗ Четврти Јули, Savski venac, Belgrade, City of Belgrade, Central Serbia, 11000, Serbia",1995
And Your Bird Can Sing (きみの鳥はうたえる),No,Yes,Shō Miyake,https://movie.douban.com/subject/26969120/,"Hakodate, Oshima Subprefecture, Hokkaido Prefecture, Hokkaido Region, Japan",2018
A History of Violence,No,Yes,David Cronenberg,https://movie.douban.com/subject/1422917/,"Indiana, United States",2005
Sentimental Value (Affeksjonsverdi),No,Yes,Joachim Trier,https://movie.douban.com/subject/36413501/,"Oslo, Norway",2025
The Worst Person in the World (Verdens verste menneske),No,Yes,Joachim Trier,https://movie.douban.com/subject/34447553/,"Oslo, Norway",2021
Eagles of the Republic (Les Aigles de la République),No,Yes,Tarik Saleh,https://movie.douban.com/subject/36697073/,"Cairo, Egypt",2025
Romería,No,Yes,Carla Simón,https://movie.douban.com/subject/36575268/,"Vigo, Pontevedra, Galicia, Spain",2025
Challengers,No,Yes,Luca Guadagnino,https://movie.douban.com/subject/35742980/,"City of New Rochelle, Westchester County, New York, United States",2024
Toni Erdmann,No,Yes,Maren Ade,https://movie.douban.com/subject/24872189/,"Bucharest, Romania",2016
Fallen Angels (堕落天使),No,Yes,Wong Kar-wai,https://movie.douban.com/subject/1298112/,"Hong Kong, China",1995
The Lovers on the Bridge (Les amants du Pont-Neuf),No,Yes,Leos Carax,https://movie.douban.com/subject/1291559/,"Pont Neuf, Quai de Conti, Quartier de la Monnaie, 6th Arrondissement, Paris, Ile-de-France, Metropolitan France, 75006, France",1991
Only the Animals (Seules les bêtes),No,Yes,Dominik Moll,https://movie.douban.com/subject/34614704/,"Causse Méjean, Lozère, Occitania, Metropolitan France, France",2019
Dancer in the Dark,No,Yes,Lars von Trier,https://movie.douban.com/subject/1291562/,"Washington, United States",2000
What Does That Nature Say to You,No,Yes,Hong Sang-soo,https://movie.douban.com/subject/36961962/,"Seoul, South Korea",2025
Love Me Tender,No,Yes,Anna Cazenave Cambet,https://movie.douban.com/subject/37040000/,France,2025
Resurrection (狂野时代),No,Yes,Bi Gan,https://movie.douban.com/subject/35416174/,China,2025
Alpha,No,Yes,Julia Ducournau,https://movie.douban.com/subject/36877556/,France,2025
Shaun of the Dead,No,Yes,Edgar Wright,https://movie.douban.com/subject/1308755/,"Greater London, England, United Kingdom",2004
Her Story (好东西),No,Yes,Shao Yihui,https://movie.douban.com/subject/36154853/,"Shanghai, China",2024
The Silent Holy Stones,No,Yes,Pema Tseden,https://movie.douban.com/subject/1756057/,"Tibet, China",2005
Kontinental '25,No,Yes,Radu Jude,https://movie.douban.com/subject/37170426/,"Cluj-Napoca, Cluj Metropolitan Area, Cluj, Romania",2025
Call Me by Your Name,No,Yes,Luca Guadagnino,https://movie.douban.com/subject/26799731/,"Crema, Cremona, Lombardy, 26013, Italy",2017
La Chimera,No,Yes,Alice Rohrwacher,https://movie.douban.com/subject/35448539/,"Tuscany, Italy",2023
Cemetery of Splendour (รักที่ขอนแก่น),No,Yes,Apichatpong Weerasethakul,https://movie.douban.com/subject/21323277/,"Khon Kaen Province, Thailand",2015
Fuori,No,Yes,Mario Martone,https://movie.douban.com/subject/36942325/,"Rome, Roma Capitale, Lazio, Italy",2025
The Piano in a Factory (钢的琴),No,Yes,Zhang Meng,https://movie.douban.com/subject/4876722/,"Anshan City, Liaoning, China",2010
The History of Sound,No,Yes,Oliver Hermanus,https://movie.douban.com/subject/35641244/,"Maine, United States",2025
The Brutalist,No,Yes,Brady Corbet,https://movie.douban.com/subject/30388206/,"Philadelphia, Philadelphia County, Pennsylvania, United States",2024
Journey to the West (宇宙探索编辑部),No,Yes,Kong Dashan,https://movie.douban.com/subject/34941536/,"Sichuan, China",2021
The Novelist's Film (소설가의 영화),No,Yes,Hong Sang-soo,https://movie.douban.com/subject/35743103/,"Seoul, South Korea",2022
The Wolf of Wall Street,No,Yes,Martin Scorsese,https://movie.douban.com/subject/2997076/,"New York, United States",2013
The Room Next Door,No,Yes,Pedro Almodóvar,https://movie.douban.com/subject/36687720/,"New York, United States",2024
Emilia Pérez,No,Yes,Jacques Audiard,https://movie.douban.com/subject/35900114/,"Mexico City, Mexico",2024
The Girl with the Needle (Pigen med nålen),No,Yes,Magnus von Horn,https://movie.douban.com/subject/35452678/,"Copenhagen, Copenhagen Municipality, Capital Region of Denmark, 1357, Denmark",2024
Beating Hearts (L'Amour ouf),No,Yes,Gilles Lellouche,https://movie.douban.com/subject/36372322/,"Normandy, Metropolitan France, France",2024
Anora,No,Yes,Sean Baker,https://movie.douban.com/subject/36195543/,"Brighton Beach, Brooklyn, Kings County, New York, United States",2024
The Beast (La bête),No,Yes,Bertrand Bonello,https://movie.douban.com/subject/35335895/,"Paris, Ile-de-France, Metropolitan France, France",2023
Limonov: The Ballad,No,Yes,Kirill Serebrennikov,https://movie.douban.com/subject/24888580/,"Moscow, Central Federal District, Russia",2024
Grand Tour,No,Yes,Miguel Gomes,https://movie.douban.com/subject/35689055/,"Yangon, 11000, Myanmar",2024
The Shrouds,No,Yes,David Cronenberg,https://movie.douban.com/subject/35898929/,"Toronto, Golden Horseshoe, Ontario, Canada",2024
American Honey,No,Yes,Andrea Arnold,https://movie.douban.com/subject/25884741/,"Oklahoma, United States",2016
The Ogre of Athens (Ο Δράκος),No,Yes,Nikos Koundouros,https://movie.douban.com/subject/3667227/,"Athens, Municipality of Athens, Regional Unit of Central Athens, Attica, 105 57, Greece",1956
The Dreamers,No,Yes,Bernardo Bertolucci,https://movie.douban.com/subject/1291856/,"Paris, Ile-de-France, Metropolitan France, France",2003
Youth (La giovinezza),No,Yes,Paolo Sorrentino,https://movie.douban.com/subject/25766754/,"Swiss Alps, Ticino, Switzerland",2015
"Birds, Orphans and Fools (Vtáčkovia, siroty a blázni)",No,Yes,Juraj Jakubisko,https://movie.douban.com/subject/2052298/,"Bratislava, Region of Bratislava, Slovakia",1969
Stranger by the Lake (L'Inconnu du lac),No,Yes,Alain Guiraudie,https://movie.douban.com/subject/21339377/,"Lac de Sainte-Croix, Sainte-Croix-du-Verdon, Digne-les-Bains, Alpes-de-Haute-Provence, Provence-Alpes-Côte d'Azur, Metropolitan France, 04500, France",2013
I Saw the TV Glow,No,Yes,Jane Schoenbrun,https://movie.douban.com/subject/35700145/,"New Jersey, United States",2024
The Apprentice,No,Yes,Ali Abbasi,https://movie.douban.com/subject/30220738/,"New York, United States",2024
The Tsugua Diaries (Diários de Otsoga),No,Yes,"Miguel Gomes, Maureen Fazendeiro",https://movie.douban.com/subject/35382942/,"Sintra, Lisbon, Portugal",2021
Eyes Wide Shut,No,Yes,Stanley Kubrick,https://movie.douban.com/subject/1300275/,"New York, United States",1999
The Battle of Algiers (La battaglia di Algeri),No,Yes,Gillo Pontecorvo,https://movie.douban.com/subject/1419005/,"Algiers, Sidi M'Hamed District, Algiers, 16007, Algeria",1966
Caught by the Tides (风流一代),No,Yes,Jia Zhangke,https://movie.douban.com/subject/36289263/,"Datong City, Shanxi, China",2024
The Substance,No,Yes,Coralie Fargeat,https://movie.douban.com/subject/35882838/,"Los Angeles, Los Angeles County, California, United States",2024
Bird,No,Yes,Andrea Arnold,https://movie.douban.com/subject/36415238/,"Kent, England, United Kingdom",2024
Petrov's Flu (Петровы в гриппе),No,Yes,Kirill Serebrennikov,https://movie.douban.com/subject/33447881/,"Yekaterinburg, Yekaterinburg Municipality, Sverdlovsk Oblast, Ural Federal District, Russia",2021
Carol,No,Yes,Todd Haynes,https://movie.douban.com/subject/10757577/,"Manhattan, New York County, New York, United States",2015
Au hasard Balthazar,No,Yes,Robert Bresson,https://movie.douban.com/subject/1401619/,"Old French Road, Countryside, Summit Township, Erie County, Pennsylvania, 16441, United States",1966
Poor Things,No,Yes,Yorgos Lanthimos,https://movie.douban.com/subject/35350109/,"Greater London, England, United Kingdom",2023
The Wild Goose Lake (南方车站的聚会),No,Yes,Diao Yinan,https://movie.douban.com/subject/27668250/,"Wuhan, Hubei, China",2019
Long Day's Journey Into Night (地球最后的夜晚),No,Yes,Bi Gan,https://movie.douban.com/subject/26633257/,"Kaili City, Qiandongnan, Guizhou, China",2018
Oppenheimer,No,Yes,Christopher Nolan,https://movie.douban.com/subject/35593344/,"Los Alamos, Los Alamos County, New Mexico, 87544, United States",2023
Exhuma (파묘),No,Yes,Jang Jae-hyun,https://movie.douban.com/subject/35490167/,"Gangwon State, South Korea",2024
Ivan's Childhood (Иваново детство),No,Yes,Andrei Tarkovsky,https://movie.douban.com/subject/1294421/,"Dnieper River, Ukraine",1962
Kaili Blues (路边野餐),No,Yes,Bi Gan,https://movie.douban.com/subject/26337866/,"Kaili City, Qiandongnan, Guizhou, China",2015
Spencer,No,Yes,Pablo Larraín,https://movie.douban.com/subject/35101435/,"Sandringham Estate, Lynn Road, Babingley, Sandringham, West Newton, King's Lynn and West Norfolk, Norfolk, England, PE35 6EZ, United Kingdom",2021
Killers of the Flower Moon,No,Yes,Martin Scorsese,https://movie.douban.com/subject/26745332/,"Osage County, Oklahoma, United States",2023
"Black Coal, Thin Ice (白日焰火)",No,Yes,Diao Yinan,https://movie.douban.com/subject/21941804/,"Harbin, Heilongjiang, China",2014
American Fiction,No,Yes,Cord Jefferson,https://movie.douban.com/subject/36212631/,"Boston, Suffolk County, Massachusetts, United States",2023
Monkey Man,No,Yes,Dev Patel,https://movie.douban.com/subject/30365461/,"Mumbai, Mumbai Suburban District, Maharashtra, 400051, India",2024
The Story of Southern Islet (南巫),No,Yes,Chong Keat Aun,https://movie.douban.com/subject/30359340/,"Kedah, Malaysia",2020
The Breaking Ice (燃冬),No,Yes,Anthony Chen,https://movie.douban.com/subject/35672437/,"Yanji City, Yanbian, Jilin, China",2023
The Rocky Horror Picture Show,No,Yes,Jim Sharman,https://movie.douban.com/subject/1292050/,"Berkshire, West Berkshire, England, United Kingdom",1975
"Synecdoche, New York",No,Yes,Charlie Kaufman,https://movie.douban.com/subject/2028819/,"City of Schenectady, Schenectady County, New York, United States",2008
Tiny Times 4.0 (小时代 4),No,Yes,Guo Jingming,https://movie.douban.com/subject/24847343/,"Shanghai, China",2015
Russian Ark (Русский ковчег),No,Yes,Aleksandr Sokurov,https://movie.douban.com/subject/1302279/,"Saint Petersburg, Northwestern Federal District, Russia",2002
Ali: Fear Eats the Soul (Angst essen Seele auf),No,Yes,Rainer Werner Fassbinder,https://movie.douban.com/subject/1294092/,"Munich, Bavaria, Germany",1974
Andrei Rublev,No,Yes,Andrei Tarkovsky,https://movie.douban.com/subject/1298248/,"Vladimir, городской округ Владимир, Vladimir Oblast, Central Federal District, 600000, Russia",1966
City of God (Cidade de Deus),No,Yes,Fernando Meirelles,https://movie.douban.com/subject/1292208/,"Rio de Janeiro, Southeast Region, Brazil",2002
M. Butterfly,No,Yes,David Cronenberg,https://movie.douban.com/subject/1293643/,"Beijing, China",1993
Dead Ringers,No,Yes,David Cronenberg,https://movie.douban.com/subject/1293297/,"Toronto, Golden Horseshoe, Ontario, Canada",1988
Through the Olive Trees (Zire darakhatan zeyton),No,Yes,Abbas Kiarostami,https://movie.douban.com/subject/1303465/,"Koker, شمام, دهستان رستم آباد جنوبی, بخش رودبار زیتون, Rudbar County, Gilan Province, Iran",1994
Manhattan,No,Yes,Woody Allen,https://movie.douban.com/subject/1294300/,"Manhattan, New York County, New York, United States",1979
Yanagawa (柳川),No,Yes,Zhang Lü,https://movie.douban.com/subject/34929859/,"Yanagawa, Fukuoka Prefecture, Japan",2021
Triangle of Sadness,No,Yes,Ruben Östlund,https://movie.douban.com/subject/27066152/,Mediterranean Sea,2022
Broker (브로커),No,Yes,Hirokazu Kore-eda,https://movie.douban.com/subject/35192111/,"Busan, South Korea",2022
Antichrist,No,Yes,Lars von Trier,https://movie.douban.com/subject/3040418/,"Washington, United States",2009
Return to Dust (隐入尘烟),No,Yes,Li Ruijun,https://movie.douban.com/subject/35131346/,"Gaotai County, Zhangye Prefecture, Gansu, 734300, China",2022
Boogie Nights,No,Yes,Paul Thomas Anderson,https://movie.douban.com/subject/1292965/,"San Fernando Valley, Los Angeles, Los Angeles County, California, 91329, United States",1997
Do the Right Thing,No,Yes,Spike Lee,https://movie.douban.com/subject/1293958/,"Bedford-Stuyvesant, Brooklyn, Kings County, New York, 11216, United States",1989
Irreversible: Straight Cut,No,Yes,Gaspar Noé,https://movie.douban.com/subject/35281708/,"Paris, Ile-de-France, Metropolitan France, France",2019
Typhoon Club (台風クラブ),No,Yes,Shinji Sōmai,https://movie.douban.com/subject/1296798/,"Shizuoka, Shizuoka Prefecture, 420-8602, Japan",1985
Naked Lunch,No,Yes,David Cronenberg,https://movie.douban.com/subject/1298596/,"Tangier, Pachalik de Tanger باشوية طنجة, Prefecture of Tangier - Assilah, Tangier-Tetouan-Al Hoceima, Morocco",1991
O Fantasma,No,Yes,João Pedro Rodrigues,https://movie.douban.com/subject/1465131/,"Lisbon, Portugal",2000
"Aguirre, the Wrath of God (Aguirre, der Zorn Gottes)",No,Yes,Werner Herzog,https://movie.douban.com/subject/1306002/,"Amazon River, Fernando Lores, Province of Maynas, Loreto, Peru",1972
Virgin Blue (不要再见啊，鱼花塘),No,Yes,Liu Xiaoyun,https://movie.douban.com/subject/30434747/,"Nanjing City, Jiangsu, China",2021
Nightmare Awakens (梦魇醒来时),No,Yes,Wang Heze,https://movie.douban.com/subject/30400739/,China,2022
Love Streams,No,Yes,John Cassavetes,https://movie.douban.com/subject/1303532/,"Los Angeles, Los Angeles County, California, United States",1984
Where Is the Friend's Home? (خانه دوست کجاست؟),No,Yes,Abbas Kiarostami,https://movie.douban.com/subject/1301897/,"Koker, شمام, دهستان رستم آباد جنوبی, بخش رودبار زیتون, Rudbar County, Gilan Province, Iran",1987
After Yang,No,Yes,Kogonada,https://movie.douban.com/subject/30475837/,United States,2021
"You Shoot, I Shoot (買兣拍人)",No,Yes,Pang Ho-cheung,https://movie.douban.com/subject/1300616/,"Hong Kong, China",2001
eXistenZ,No,Yes,David Cronenberg,https://movie.douban.com/subject/1299213/,"Toronto, Golden Horseshoe, Ontario, Canada",1999
Love Is Colder Than Death (Liebe ist kälter als der Tod),No,Yes,Rainer Werner Fassbinder,https://movie.douban.com/subject/1307684/,"Munich, Bavaria, Germany",1969
Balloon (དབུགས་ལྒང།),No,Yes,Pema Tseden,https://movie.douban.com/subject/30204413/,"Yushu, Qinghai, China",2019
The Wild Boys (Les Garçons sauvages),No,Yes,Bertrand Mandico,https://movie.douban.com/subject/26740543/,"La Réunion, Réunion, France",2017
"Paris, 13th District (Les Olympiades)",No,Yes,Jacques Audiard,https://movie.douban.com/subject/35209755/,"13th Arrondissement, Paris, Ile-de-France, Metropolitan France, 75013, France",2021
L'Avventura,No,Yes,Michelangelo Antonioni,https://movie.douban.com/subject/1389923/,"Aeolian Islands, Messina, Sicily, 98055, Italy",1960
Beau travail,No,Yes,Claire Denis,https://movie.douban.com/subject/1306791/,Djibouti,1999
The State of Things (Der Stand der Dinge),No,Yes,Wim Wenders,https://movie.douban.com/subject/1306625/,"Sintra, Lisbon, Portugal",1982
Winter Vacation (寒假),No,Yes,Li Hongqi,https://movie.douban.com/subject/5041554/,"Inner Mongolia, China",2010
P'tit Quinquin,No,Yes,Bruno Dumont,https://movie.douban.com/subject/25166744/,"Nord-Pas-de-Calais, Metropolitan France, France",2014
Lost Illusions (Illusions perdues),No,Yes,Xavier Giannoli,https://movie.douban.com/subject/34779516/,"Paris, Ile-de-France, Metropolitan France, France",2021
The Discreet Charm of the Bourgeoisie (Le Charme discret de la bourgeoisie),No,Yes,Luis Buñuel,https://movie.douban.com/subject/1303364/,"Paris, Ile-de-France, Metropolitan France, France",1972
Red Desert (Il deserto rosso),No,Yes,Michelangelo Antonioni,https://movie.douban.com/subject/1299261/,"Ravenna, Emilia-Romagna, Italy",1964
The Purple Rose of Cairo,No,Yes,Woody Allen,https://movie.douban.com/subject/1292994/,"New Jersey, United States",1985
The Big Lebowski,No,Yes,Coen Brothers,https://movie.douban.com/subject/1300044/,"Los Angeles, Los Angeles County, California, United States",1998
Ulysse,No,Yes,Agnès Varda,https://movie.douban.com/subject/1763691/,France,1982
Secrets Behind the Wall (壁の中の秘事),No,Yes,Kōji Wakamatsu,https://movie.douban.com/subject/1485905/,"Tokyo, Japan",1965
Die Tomorrow,No,Yes,Nawapol Thamrongrattanarit,https://movie.douban.com/subject/27157811/,"Bangkok, Thailand",2017
Timbuktu,No,Yes,Abderrahmane Sissako,https://movie.douban.com/subject/25803933/,"Timbuktu, Tombouctou Cercle, Timbuktu, Mali",2014
8½,No,Yes,Federico Fellini,https://movie.douban.com/subject/1361276/,"Rome, Roma Capitale, Lazio, Italy",1963
Passion,No,Yes,Ryūsuke Hamaguchi,https://movie.douban.com/subject/3233603/,"Tokyo, Japan",2008
The Goalkeeper's Fear of the Penalty (Die Angst des Tormanns beim Elfmeter),No,Yes,Wim Wenders,https://movie.douban.com/subject/1422273/,"Vienna, Austria",1972
The Depths,No,Yes,Hamaguchi Ryūsuke,https://movie.douban.com/subject/5382768/,"Seoul, South Korea",2010
Everything Went Fine (Tout s'est bien passé),No,Yes,François Ozon,https://movie.douban.com/subject/35190036/,"Paris, Ile-de-France, Metropolitan France, France",2021
A Rainy Day in New York,No,Yes,Woody Allen,https://movie.douban.com/subject/27089612/,"New York, United States",2019
Four Adventures of Reinette and Mirabelle (4 aventures de Reinette et Mirabelle),No,Yes,Éric Rohmer,https://movie.douban.com/subject/1421309/,"L’Ardèche à Paris, Voie B/4, Quartier Saint-Gervais, 4th Arrondissement, Paris, Ile-de-France, Metropolitan France, 75004, France",1987
Wings of Desire (Der Himmel über Berlin),No,Yes,Wim Wenders,https://movie.douban.com/subject/1292504/,"Berlin, Germany",1987
Cyclo (Xích lô),No,Yes,Tran Anh Hung,https://movie.douban.com/subject/1294434/,"Ho Chi Minh City, Vietnam",1995
Grass Labyrinth (草迷宮),No,Yes,Shūji Terayama,https://movie.douban.com/subject/1401521/,Japan,1979
L'Argent,No,Yes,Robert Bresson,https://movie.douban.com/subject/1303536/,"Paris, Ile-de-France, Metropolitan France, France",1983
Ashes and Diamonds (Popiół i diament),No,Yes,Andrzej Wajda,https://movie.douban.com/subject/1303174/,Poland,1958
Like Someone in Love,No,Yes,Abbas Kiarostami,https://movie.douban.com/subject/5995338/,"Tokyo, Japan",2012
Cléo from 5 to 7 (Cléo de 5 à 7),No,Yes,Agnès Varda,https://movie.douban.com/subject/1294565/,"Paris, Ile-de-France, Metropolitan France, France",1962
Band of Outsiders (Bande à part),No,Yes,Jean-Luc Godard,https://movie.douban.com/subject/1401588/,"Paris, Ile-de-France, Metropolitan France, France",1964
Mauvais Sang,No,Yes,Leos Carax,https://movie.douban.com/subject/1301678/,"Paris, Ile-de-France, Metropolitan France, France",1986
"The Firemen's Ball (Hoří, má panenko)",No,Yes,Miloš Forman,https://movie.douban.com/subject/1303080/,"Czechoslovakia, Erinnerungsstraße, Mauthausen, Bezirk Perg, Upper Austria, 4310, Austria",1967
In Front of Your Face (당신얼굴 앞에서),No,Yes,Hong Sang-soo,https://movie.douban.com/subject/35465742/,"Seoul, South Korea",2021
Tokyo!,No,Yes,"Michel Gondry, Leos Carax, Bong Joon-ho",https://movie.douban.com/subject/2004482/,"Tokyo, Japan",2008
I Am Cuba (Я — Куба),No,Yes,Mikhail Kalatozov,https://movie.douban.com/subject/1432669/,"Havana, La Habana Vieja, Havana, 10000, Cuba",1964
AV (青春梦工场),No,Yes,Pang Ho-cheung,https://movie.douban.com/subject/1323749/,"Hong Kong, China",2005
Last Year at Marienbad (L'année dernière à Marienbad),No,Yes,Alain Resnais,https://movie.douban.com/subject/1400240/,"Mariánské Lázně, Cheb District, Karlovy Vary Region, Northwest, Czechia",1961
The Cranes Are Flying (Летят журавли),No,Yes,Mikhail Kalatozov,https://movie.douban.com/subject/1302077/,"Moscow, Central Federal District, Russia",1957
Breathless (À bout de souffle),No,Yes,Jean-Luc Godard,https://movie.douban.com/subject/1353745/,"Paris, Ile-de-France, Metropolitan France, France",1960
Playtime,No,Yes,Jacques Tati,https://movie.douban.com/subject/1303543/,"Paris, Ile-de-France, Metropolitan France, France",1967
Taste of Cherry (طعم گیلاس),No,Yes,Abbas Kiarostami,https://movie.douban.com/subject/1296177/,"Tehran, بخش مرکزی شهرستان تهران, Tehran County, Tehran Province, Iran",1997
"Paris, Texas",No,Yes,Wim Wenders,https://movie.douban.com/subject/1302061/,"West Texas, San Juan South Estates Colonia, San Juan, Hidalgo County, Texas, 78589, United States",1984
Nymphomaniac: Vol. I,No,Yes,Lars von Trier,https://movie.douban.com/subject/6827727/,"England, United Kingdom",2013
Autumn Tale (Conte d'automne),No,Yes,Éric Rohmer,https://movie.douban.com/subject/1294140/,France,1998
Faces Places (Visages villages),No,Yes,"Agnès Varda, JR",https://movie.douban.com/subject/26764928/,"Old French Road, Countryside, Summit Township, Erie County, Pennsylvania, 16441, United States",2017
A Tale of Winter (Conte d'hiver),No,Yes,Éric Rohmer,https://movie.douban.com/subject/1293388/,"Nevers, Nièvre, Bourgogne – Franche-Comté, Metropolitan France, 58000, France",1992
Stalker (Сталкер),No,Yes,Andrei Tarkovsky,https://movie.douban.com/subject/1295656/,"Tallinn, Harju County, Estonia",1979
Mr. Bachmann and His Class (Herr Bachmann und seine Klasse),No,Yes,Maria Speth,https://movie.douban.com/subject/35360564/,"Stadtallendorf, Landkreis Marburg-Biedenkopf, Hesse, 35260, Germany",2021
Basic Instinct,No,Yes,Paul Verhoeven,https://movie.douban.com/subject/1291869/,"San Francisco, California, United States",1992
All About My Mother (Todo sobre mi madre),No,Yes,Pedro Almodóvar,https://movie.douban.com/subject/1291937/,"Madrid, Community of Madrid, Spain",1999
Blind Chance (Przypadek),No,Yes,Krzysztof Kieślowski,https://movie.douban.com/subject/1307200/,"Łódź, Łódź Voivodeship, Poland",1987
B for Busy (爱情神话),No,Yes,Shao Yihui,https://movie.douban.com/subject/35376457/,"Shanghai, China",2021
A Short Film About Love (Krótki film o miłości),No,Yes,Krzysztof Kieślowski,https://movie.douban.com/subject/1294570/,"Warsaw, Masovian Voivodeship, Poland",1988
Saturday Fiction (兰心大剧院),No,Yes,Lou Ye,https://movie.douban.com/subject/26954859/,"Shanghai, China",2019
Spring Fever (春风沉醉的夜晚),No,Yes,Lou Ye,https://movie.douban.com/subject/3690289/,"Nanjing City, Jiangsu, China",2009
Love Exposure (愛のむきだし),No,Yes,Sion Sono,https://movie.douban.com/subject/2361266/,"Tokyo, Japan",2008
Crash,No,Yes,David Cronenberg,https://movie.douban.com/subject/1292682/,"Toronto, Golden Horseshoe, Ontario, Canada",1996
Close-Up (کلوزآپ),No,Yes,Abbas Kiarostami,https://movie.douban.com/subject/1303521/,"Tehran, بخش مرکزی شهرستان تهران, Tehran County, Tehran Province, Iran",1990
Eternity and a Day (Μία αιωνιότητα και μία μέρα),No,Yes,Theo Angelopoulos,https://movie.douban.com/subject/1293455/,"Thessaloniki, Thessaloniki Municipal Unit, Municipality of Thessaloniki, Thessaloniki Regional Unit, Central Macedonia, Macedonia and Thrace, 540 12, Greece",1998
Parallel Mothers (Madres paralelas),No,Yes,Pedro Almodóvar,https://movie.douban.com/subject/35123985/,"Madrid, Community of Madrid, Spain",2021
Melancholia,No,Yes,Lars von Trier,https://movie.douban.com/subject/4086853/,Sweden,2011
Tie Me Up! Tie Me Down! (¡Átame!),No,Yes,Pedro Almodóvar,https://movie.douban.com/subject/1294315/,"Madrid, Community of Madrid, Spain",1989
Ulysses' Gaze (Το βλέμμα του Οδυσσέα),No,Yes,Theo Angelopoulos,https://movie.douban.com/subject/1294573/,"Balkans, Bulgaria",1995
Solaris (Солярис),No,Yes,Andrei Tarkovsky,https://movie.douban.com/subject/1300977/,Russia,1972
Love After Love (第一炉香),No,Yes,Ann Hui,https://movie.douban.com/subject/27102476/,"Hong Kong, China",2020
Leto (Лето),No,Yes,Kirill Serebrennikov,https://movie.douban.com/subject/30162520/,"USSR, 1/2/5, Казанская улица, Kirovsky District, Astrakhan, Astrakhan Oblast, Southern Federal District, 414024, Russia",2018
Peppermint Candy (박하사탕),No,Yes,Lee Chang-dong,https://movie.douban.com/subject/1303145/,South Korea,1999
Survive Style 5+,No,Yes,Gen Sekiguchi,https://movie.douban.com/subject/1308841/,"Tokyo, Japan",2004
Annie Hall,No,Yes,Woody Allen,https://movie.douban.com/subject/1296987/,"New York, United States",1977
Bad Luck Banging or Loony Porn (Babardeală cu bucluc sau porno balamuc),No,Yes,Radu Jude,https://movie.douban.com/subject/35242942/,"Bucharest, Romania",2021
Suzhou River,No,Yes,Lou Ye,https://movie.douban.com/subject/1299661/,"Shanghai, China",2000
Pierrot le Fou,No,Yes,Jean-Luc Godard,https://movie.douban.com/subject/1292533/,"French Riviera, Provence-Alpes-Côte d'Azur, Metropolitan France, France",1965
Titane,No,Yes,Julia Ducournau,https://movie.douban.com/subject/34820925/,France,2021
Midsommar,No,Yes,Ari Aster,https://movie.douban.com/subject/30288638/,"Province of Hälsingland, Sweden",2019
Yi Yi,No,Yes,Edward Yang,https://movie.douban.com/subject/1292434/,"Taipei, Taiwan",2000
A Tale of Springtime (Conte de printemps),No,Yes,Éric Rohmer,https://movie.douban.com/subject/1293632/,"Paris, Ile-de-France, Metropolitan France, France",1990
A Summer's Tale (Conte d'été),No,Yes,Éric Rohmer,https://movie.douban.com/subject/1302675/,"Dinard, Saint-Malo, Ille-et-Vilaine, Brittany, Metropolitan France, 35800, France",1996
Bitter Moon,No,Yes,Roman Polanski,https://movie.douban.com/subject/1301582/,"Mediterranean Bali Cruise Training, 9A, Muhammad Yamin, Sumerta Kelod, East Denpasar, Denpasar, Bali, Lesser Sunda Islands, 80235, Indonesia",1992
No. 7 Cherry Lane (繼園臺七號),No,Yes,Yonfan,https://movie.douban.com/subject/34606671/,"Hong Kong, China",2019
Barton Fink,No,Yes,Coen Brothers,https://movie.douban.com/subject/1298043/,"Hollywood, Los Angeles, Los Angeles County, California, 90028, United States",1991
The Act of Killing,No,Yes,Joshua Oppenheimer,https://movie.douban.com/subject/11538029/,"City of Medan, North Sumatra, Sumatra, Indonesia",2012
Tokyo Story (東京物語),No,Yes,Yasujirō Ozu,https://movie.douban.com/subject/1291568/,Japan,1953
Amour,No,Yes,Michael Haneke,https://movie.douban.com/subject/4798707/,"Paris, Ile-de-France, Metropolitan France, France",2012
Uncle Boonmee Who Can Recall His Past Lives (ลุงบุญมีระลึกชาติ),No,Yes,Apichatpong Weerasethakul,https://movie.douban.com/subject/4280102/,"Nakhon Phanom Province, Thailand",2010
Certified Copy (Copie conforme),No,Yes,Abbas Kiarostami,https://movie.douban.com/subject/2973543/,"Tuscany, Italy",2010
A Serious Man,No,Yes,Coen Brothers,https://movie.douban.com/subject/3135483/,"Minneapolis, Hennepin County, Minnesota, United States",2009
A Brighter Summer Day (牲嶺街少年殺人事件),No,Yes,Edward Yang,https://movie.douban.com/subject/1292329/,"Taipei, Taiwan",1991
Tie Xi Qu: West of the Tracks — Rust,No,Yes,Wang Bing,https://movie.douban.com/subject/1309215/,"Shenyang City, Liaoning, China",2003
Caché,No,Yes,Michael Haneke,https://movie.douban.com/subject/1438066/,"Paris, Ile-de-France, Metropolitan France, France",2005
Blade Runner 2049,No,Yes,Denis Villeneuve,https://movie.douban.com/subject/10512661/,"Los Angeles, Los Angeles County, California, United States",2017
Dogville,No,Yes,Lars von Trier,https://movie.douban.com/subject/1298759/,"Rocky Mountains, Teton County, Wyoming, United States",2003
Talk to Her (Hable con ella),No,Yes,Pedro Almodóvar,https://movie.douban.com/subject/1292211/,"Madrid, Community of Madrid, Spain",2002
Inland Empire,No,Yes,David Lynch,https://movie.douban.com/subject/1438734/,"Los Angeles, Los Angeles County, California, United States",2006
PTU,No,Yes,Johnnie To,https://movie.douban.com/subject/1302434/,"Hong Kong, China",2003
Detachment,No,Yes,Tony Kaye,https://movie.douban.com/subject/5322596/,"New York, United States",2011
Happy Hour (ハッピーアワー),No,Yes,Ryūsuke Hamaguchi,https://movie.douban.com/subject/26550176/,"Kobe, Hyogo Prefecture, Japan",2015
The Thin Red Line,No,Yes,Terrence Malick,https://movie.douban.com/subject/1292781/,"Guadalcanal Island, Guadalcanal, Solomon Islands",1998
Inherent Vice,No,Yes,Paul Thomas Anderson,https://movie.douban.com/subject/5432221/,"Los Angeles, Los Angeles County, California, United States",2014
Arrival,No,Yes,Denis Villeneuve,https://movie.douban.com/subject/21324900/,"Montana, United States",2016
Happy Together (春光乍洩),No,Yes,Wong Kar-wai,https://movie.douban.com/subject/1292679/,"Buenos Aires, Comuna 1, Autonomous City of Buenos Aires, Argentina",1997
Conspirators of Pleasure (Spiklenci slasti),No,Yes,Jan Švankmajer,https://movie.douban.com/subject/1308450/,"Prague, Czechia",1996
Burning (버닝),No,Yes,Lee Chang-dong,https://movie.douban.com/subject/26842702/,"Paju-si, Gyeonggi, South Korea",2018
Wife of a Spy (スパイの妻),No,Yes,Kiyoshi Kurosawa,https://movie.douban.com/subject/34852385/,"Kobe, Hyogo Prefecture, Japan",2020
The Reunions (吉祥如意),No,Yes,Dong Chengpeng,https://movie.douban.com/subject/35068230/,"Jilin, China",2020
Blue Velvet,No,Yes,David Lynch,https://movie.douban.com/subject/1298697/,"Wilmington, New Hanover County, North Carolina, United States",1986
Heaven Is Still Far Away (天国はまだ遠い),No,Yes,Ryūsuke Hamaguchi,https://movie.douban.com/subject/26907367/,"Tokyo, Japan",2016
Holy Motors,No,Yes,Leos Carax,https://movie.douban.com/subject/6875451/,"Paris, Ile-de-France, Metropolitan France, France",2012
On the Beach at Night Alone (밤의 해변에서 혼자),No,Yes,Hong Sang-soo,https://movie.douban.com/subject/26718282/,"Gangneung-si, Gangwon State, South Korea",2017
Venus in Fur (La Vénus à la fourrure),No,Yes,Roman Polanski,https://movie.douban.com/subject/19955828/,"Paris, Ile-de-France, Metropolitan France, France",2013
The Great Buddha+ (大佛普拉斯),No,Yes,Huang Hsin-yao,https://movie.douban.com/subject/27059130/,"Chiayi County, Taiwan",2017
Suburban Birds (郊区的鸟),No,Yes,Qiu Sheng,https://movie.douban.com/subject/26935281/,"Hangzhou City, Zhejiang, China",2018
Inside Llewyn Davis,No,Yes,Coen Brothers,https://movie.douban.com/subject/6887029/,"Greenwich Village, 7th Avenue South, West Village, Manhattan, New York County, New York, 10014, United States",2013
In the Heat of the Sun (阳光灿烂的日子),No,Yes,Jiang Wen,https://movie.douban.com/subject/1291875/,"Beijing, China",1994
Cure (CURE キュア),No,Yes,Kiyoshi Kurosawa,https://movie.douban.com/subject/1304665/,"Tokyo, Japan",1997
Asako I & II (寝ても覚めても),No,Yes,Ryūsuke Hamaguchi,https://movie.douban.com/subject/27037053/,"Osaka, Wakamiyacho, Ichigaya Sadobaracho, Shinjuku, Tokyo, 160-8484, Japan",2018
Hiroshima mon amour,No,Yes,Alain Resnais,https://movie.douban.com/subject/1302050/,"Hiroshima, Hiroshima Prefecture, Japan",1959
Lost Highway,No,Yes,David Lynch,https://movie.douban.com/subject/1303459/,"Los Angeles, Los Angeles County, California, United States",1997
Mirror (Зеркало),No,Yes,Andrei Tarkovsky,https://movie.douban.com/subject/1299248/,"Yuryevets, Yuryevetsky District, Ivanovo Oblast, Central Federal District, Russia",1975
Tropical Malady (สัตว์ประหลาด),No,Yes,Apichatpong Weerasethakul,https://movie.douban.com/subject/1414808/,Thailand,2004
The Seventh Seal (Det sjunde inseglet),No,Yes,Ingmar Bergman,https://movie.douban.com/subject/1293234/,Sweden,1957
Elephant,No,Yes,Gus Van Sant,https://movie.douban.com/subject/1292272/,"Portland, Multnomah County, Oregon, United States",2003
Hidden Man (邪不压正),No,Yes,Jiang Wen,https://movie.douban.com/subject/26366496/,"BeiPing Jiu Restaurant, 东旧帘子胡同, 西交民巷社区, Xichang'anjie Subdistrict, 首都功能核心区, Xicheng District, Beijing, 100032, China",2018
Memories of Murder (살인의 추억),No,Yes,Bong Joon-ho,https://movie.douban.com/subject/1300299/,"Hwaseong-si, Gyeonggi, South Korea",2003
My Own Private Idaho,No,Yes,Gus Van Sant,https://movie.douban.com/subject/1292792/,"Portland, Multnomah County, Oregon, United States",1991
The End of Evangelion,No,Yes,Hideaki Anno,https://movie.douban.com/subject/1308892/,"Hakone, Ashigarashimo County, Kanagawa Prefecture, 250-0398, Japan",1997
Chinatown,No,Yes,Roman Polanski,https://movie.douban.com/subject/1293889/,"Los Angeles, Los Angeles County, California, United States",1974
Before Sunrise,No,Yes,Richard Linklater,https://movie.douban.com/subject/1296339/,"Vienna, Austria",1995
American Beauty,No,Yes,Sam Mendes,https://movie.douban.com/subject/1292062/,"Sacramento, Sacramento County, California, United States",1999
Akira,No,Yes,Katsuhiro Otomo,https://movie.douban.com/subject/1302770/,"NEO TOKYO, 1, Senzoku 4, Senzoku, Taito, Tokyo, 111-0031, Japan",1988
Isle of Dogs,No,Yes,Wes Anderson,https://movie.douban.com/subject/26640371/,Japan,2018
Wild Tales (Relatos salvajes),No,Yes,Damián Szifron,https://movie.douban.com/subject/24750126/,"Buenos Aires, Comuna 1, Autonomous City of Buenos Aires, Argentina",2014
The Sun Also Rises (太阳照常升起),No,Yes,Jiang Wen,https://movie.douban.com/subject/1766086/,"Yunnan, China",2007
The 400 Blows (Les quatre cents coups),No,Yes,François Truffaut,https://movie.douban.com/subject/1300056/,"Paris, Ile-de-France, Metropolitan France, France",1959
Taxi Driver,No,Yes,Martin Scorsese,https://movie.douban.com/subject/1292222/,"New York, United States",1976
The Wasted Times (罗曼蒂克消亡史),No,Yes,Cheng Er,https://movie.douban.com/subject/24751763/,"Shanghai, China",2016
La La Land,No,Yes,Damien Chazelle,https://movie.douban.com/subject/25934014/,"Los Angeles, Los Angeles County, California, United States",2016
Days of Being Wild (阿飛正傳),No,Yes,Wong Kar-wai,https://movie.douban.com/subject/1305690/,"Hong Kong, China",1990
Devils on the Doorstep (鬼子来了),No,Yes,Jiang Wen,https://movie.douban.com/subject/1291858/,"Hebei, China",2000
J'accuse (An Officer and a Spy),No,Yes,Roman Polanski,https://movie.douban.com/subject/10745208/,"Paris, Ile-de-France, Metropolitan France, France",2019
Goodfellas,No,Yes,Martin Scorsese,https://movie.douban.com/subject/1292268/,"New York, United States",1990
Blade Runner,No,Yes,Ridley Scott,https://movie.douban.com/subject/1291839/,"Los Angeles, Los Angeles County, California, United States",1982
The Man from Earth,No,Yes,Richard Schenkman,https://movie.douban.com/subject/2300586/,United States,2007
Xiao Wu (小武),No,Yes,Jia Zhangke,https://movie.douban.com/subject/1291851/,"Fenyang City, Lüliang City, Shanxi, China",1998
Midnight in Paris,No,Yes,Woody Allen,https://movie.douban.com/subject/4319218/,"Paris, Ile-de-France, Metropolitan France, France",2011
American History X,No,Yes,Tony Kaye,https://movie.douban.com/subject/1293527/,"Venice Beach, Venice, Los Angeles, Los Angeles County, California, United States",1998
A Better Tomorrow (英雄本色),No,Yes,John Woo,https://movie.douban.com/subject/1297574/,"Hong Kong, China",1986
Downfall (Der Untergang),No,Yes,Oliver Hirschbiegel,https://movie.douban.com/subject/1309115/,"Berlin, Germany",2004
"Three Billboards Outside Ebbing, Missouri",No,Yes,Martin McDonagh,https://movie.douban.com/subject/26611804/,"Sylva, Jackson County, North Carolina, United States",2017
Apocalypse Now,No,Yes,Francis Ford Coppola,https://movie.douban.com/subject/1292260/,"Mekong Delta, Vietnam",1979
Oldboy (올드보이),No,Yes,Park Chan-wook,https://movie.douban.com/subject/1308865/,"Seoul, South Korea",2003
Requiem for a Dream,No,Yes,Darren Aronofsky,https://movie.douban.com/subject/1292270/,"Coney Island, Brooklyn, Kings County, New York, 11224, United States",2000